channel,video_link,views,likes,dislikes,subscribers,type
itsalissaweekly,https://www.youtube.com/watch?v=il-e8KQRN0E,2157055,41347,1592,1214026,black
itsalissaweekly,https://www.youtube.com/watch?v=OoCWxK1153E,1895887,65912,916,1214026,black
itsalissaweekly,https://www.youtube.com/watch?v=lv04ZmFAz4k,1752150,78608,755,1214026,black
itsalissaweekly,https://www.youtube.com/watch?v=WBVvu7FYs8M,1560992,77342,567,1214026,black
itsalissaweekly,https://www.youtube.com/watch?v=FylmrOosU2Y,1318709,91039,399,1214026,black
itsalissaweekly,https://www.youtube.com/watch?v=VftRat7bG5A,1153538,47118,1592,1214026,black
itsalissaweekly,https://www.youtube.com/watch?v=shzzQxD53Tk,1135379,56432,504,1214026,black
itsalissaweekly,https://www.youtube.com/watch?v=WNs7fkbANM8,1046246,85770,1369,1214026,black
itsalissaweekly,https://www.youtube.com/watch?v=hp9OmSEQfPg,1016930,50571,676,1214026,black
itsalissaweekly,https://www.youtube.com/watch?v=V96EKKAe03c,1009549,24774,537,1214026,black
itsmyRayeRaye,https://www.youtube.com/watch?v=nqE_l872dLU,4360112,68254,2157,1820496,black
itsmyRayeRaye,https://www.youtube.com/watch?v=MFMksUH_KZs,3716376,86926,2259,1820496,black
itsmyRayeRaye,https://www.youtube.com/watch?v=qRyurzO716I,2721396,98664,763,1820496,black
itsmyRayeRaye,https://www.youtube.com/watch?v=ASyMnp6V21Y,2563718,77979,970,1820496,black
itsmyRayeRaye,https://www.youtube.com/watch?v=cjtC0k-io2Q,2066390,37907,963,1820496,black
itsmyRayeRaye,https://www.youtube.com/watch?v=ix9HeW3U1WU,1901540,27430,814,1820496,black
itsmyRayeRaye,https://www.youtube.com/watch?v=r0yN3llRw-o,1884169,45160,1299,1820496,black
itsmyRayeRaye,https://www.youtube.com/watch?v=KfoLLc3Nbl8,1729482,39098,842,1820496,black
itsmyRayeRaye,https://www.youtube.com/watch?v=-sCL_qv8nMo,1665025,45827,555,1820496,black
itsmyRayeRaye,https://www.youtube.com/watch?v=tq2KPJtuwRw,1625646,32920,1309,1820496,black
BritPopPrincess,https://www.youtube.com/watch?v=lXxeUT2SWBA,6498266,152729,8242,2266524,black
BritPopPrincess,https://www.youtube.com/watch?v=W8iwgwhzajI,5257688,128205,3803,2266524,black
BritPopPrincess,https://www.youtube.com/watch?v=oT0eOukfry8,2986414,86467,1673,2266524,black
BritPopPrincess,https://www.youtube.com/watch?v=H2s0lDFK89E,2979696,92087,1440,2266524,black
BritPopPrincess,https://www.youtube.com/watch?v=xez100H-_bk,2930659,67998,1718,2266524,black
BritPopPrincess,https://www.youtube.com/watch?v=NZ-iP-Xxqss,2787725,117006,2033,2266524,black
BritPopPrincess,https://www.youtube.com/watch?v=4G5eVbP1ezs,2733289,79602,2070,2266524,black
BritPopPrincess,https://www.youtube.com/watch?v=oZ52D-gQcgc,2714108,72841,841,2266524,black
BritPopPrincess,https://www.youtube.com/watch?v=2qrAvSH33ZQ,2529253,64990,1427,2266524,black
BritPopPrincess,https://www.youtube.com/watch?v=fb-H4Qvwn-I,2491199,80500,1350,2266524,black
AndreasChoice,https://www.youtube.com/watch?v=Ha4c_MkRtAM,13127347,93291,1002,4248559,black
AndreasChoice,https://www.youtube.com/watch?v=iYE05AylhpU,9175317,11707,4274,4248559,black
AndreasChoice,https://www.youtube.com/watch?v=Y_iee2lbKYU,7766281,90465,1901,4248559,black
AndreasChoice,https://www.youtube.com/watch?v=nfuA8WY_cWw,7669216,138855,3537,4248559,black
AndreasChoice,https://www.youtube.com/watch?v=0Qf_tqGHoy0,6650608,110535,1847,4248559,black
AndreasChoice,https://www.youtube.com/watch?v=1VZpCtwH7tE,5667419,117506,3580,4248559,black
AndreasChoice,https://www.youtube.com/watch?v=gl6jrDtnU6M,5512892,112716,1604,4248559,black
AndreasChoice,https://www.youtube.com/watch?v=4KyTO405GjA,5161380,133750,1239,4248559,black
AndreasChoice,https://www.youtube.com/watch?v=cuwZY0KZK3c,4827516,60246,1611,4248559,black
AndreasChoice,https://www.youtube.com/watch?v=swM9IXZE3Lk,4322830,160938,1742,4248559,black
SmartistaBeauty,https://www.youtube.com/watch?v=GXImMOSED4A,2067319,32307,539,634100,black
SmartistaBeauty,https://www.youtube.com/watch?v=8T3foQP9oxQ,1005149,16816,395,634100,black
SmartistaBeauty,https://www.youtube.com/watch?v=AjlOFUvlLH8,836655,27510,252,634100,black
SmartistaBeauty,https://www.youtube.com/watch?v=RsLzd9clcrc,800450,33138,465,634100,black
SmartistaBeauty,https://www.youtube.com/watch?v=cFYohrxP8AA,734359,43112,294,634100,black
SmartistaBeauty,https://www.youtube.com/watch?v=YD9fS9Ta9RI,623956,18570,187,634100,black
SmartistaBeauty,https://www.youtube.com/watch?v=24VsQcyP8GQ,582562,42571,416,634100,black
SmartistaBeauty,https://www.youtube.com/watch?v=iTdpZxKSkRE,551924,13102,149,634100,black
SmartistaBeauty,https://www.youtube.com/watch?v=r1ImILB8CC4,548951,15081,105,634100,black
SmartistaBeauty,https://www.youtube.com/watch?v=jV77h6zDKy8,516620,17494,221,634100,black
UCroDJPcFCf6DBmHns6Xeb8g,https://www.youtube.com/watch?v=hQbeB0YXLhs,7775568,190396,3223,594791,black
UCroDJPcFCf6DBmHns6Xeb8g,https://www.youtube.com/watch?v=V0QIz_AWSuw,3472849,74001,3397,594791,black
UCroDJPcFCf6DBmHns6Xeb8g,https://www.youtube.com/watch?v=zWkbS9-RpLw,3216162,50670,1292,594791,black
UCroDJPcFCf6DBmHns6Xeb8g,https://www.youtube.com/watch?v=RqyrXMrWdGs,1785697,26784,876,594791,black
UCroDJPcFCf6DBmHns6Xeb8g,https://www.youtube.com/watch?v=Fgebxq5vZvc,1643944,19328,522,594791,black
UCroDJPcFCf6DBmHns6Xeb8g,https://www.youtube.com/watch?v=DkpIbWJ_dl4,1163325,19841,486,594791,black
UCroDJPcFCf6DBmHns6Xeb8g,https://www.youtube.com/watch?v=H9lNfrhJBTM,1130793,24267,634,594791,black
UCroDJPcFCf6DBmHns6Xeb8g,https://www.youtube.com/watch?v=pHV9g5_NJLc,971439,20280,419,594791,black
UCroDJPcFCf6DBmHns6Xeb8g,https://www.youtube.com/watch?v=BUyuHU4whok,954520,22039,367,594791,black
UCroDJPcFCf6DBmHns6Xeb8g,https://www.youtube.com/watch?v=7jdFB1zWTgQ,942354,18358,466,594791,black
beautycrush,https://www.youtube.com/watch?v=vYDTPe41e_Q,2331888,23350,514,1840619,black
beautycrush,https://www.youtube.com/watch?v=YMkr3fAjAys,1936801,19440,715,1840619,black
beautycrush,https://www.youtube.com/watch?v=dSiJVSsqmiU,1543763,32788,591,1840619,black
beautycrush,https://www.youtube.com/watch?v=XZNunI4l-TY,1422549,5771,203,1840619,black
beautycrush,https://www.youtube.com/watch?v=-TdR_tHdLKE,1392053,16638,491,1840619,black
beautycrush,https://www.youtube.com/watch?v=IQ3d23EA-28,1379158,24861,766,1840619,black
beautycrush,https://www.youtube.com/watch?v=hu_BiqDQ6zY,1327635,11239,351,1840619,black
beautycrush,https://www.youtube.com/watch?v=ufOgR1-qYtA,1247113,19866,253,1840619,black
beautycrush,https://www.youtube.com/watch?v=bbCzIPAmUSY,1209308,28758,767,1840619,black
beautycrush,https://www.youtube.com/watch?v=kr-YIdqW72I,1201677,4416,418,1840619,black
UCNEwha2SIAz3NTtv9G0QPsg,https://www.youtube.com/watch?v=kx6nsbyPMj0,18006579,142060,6459,1249062,black
UCNEwha2SIAz3NTtv9G0QPsg,https://www.youtube.com/watch?v=AURbiW5qBsk,9434459,138136,2285,1249062,black
UCNEwha2SIAz3NTtv9G0QPsg,https://www.youtube.com/watch?v=RJXRKtV_oWI,5874694,73113,5150,1249062,black
UCNEwha2SIAz3NTtv9G0QPsg,https://www.youtube.com/watch?v=schCpd3NgVg,3414707,35928,1649,1249062,black
UCNEwha2SIAz3NTtv9G0QPsg,https://www.youtube.com/watch?v=gH-VbkXbzVk,2813884,61625,995,1249062,black
UCNEwha2SIAz3NTtv9G0QPsg,https://www.youtube.com/watch?v=kVIADlaHUfk,2179210,24595,491,1249062,black
UCNEwha2SIAz3NTtv9G0QPsg,https://www.youtube.com/watch?v=ABWBwPcj_IY,1631704,34270,795,1249062,black
UCNEwha2SIAz3NTtv9G0QPsg,https://www.youtube.com/watch?v=a_BOajt0eBc,1521503,47137,495,1249062,black
UCNEwha2SIAz3NTtv9G0QPsg,https://www.youtube.com/watch?v=jvlK23F1WVs,1305697,45730,458,1249062,black
UCNEwha2SIAz3NTtv9G0QPsg,https://www.youtube.com/watch?v=fYCwqCjujD0,1298098,28127,365,1249062,black
UCw95JvOs39snnMPkYs-6Sog,https://www.youtube.com/watch?v=FaySCNI7VNg,26650985,432692,14738,1846289,black
UCw95JvOs39snnMPkYs-6Sog,https://www.youtube.com/watch?v=Lf41bxFfqFc,9365844,129673,4766,1846289,black
UCw95JvOs39snnMPkYs-6Sog,https://www.youtube.com/watch?v=67Kd3US40ss,3404807,53969,1326,1846289,black
UCw95JvOs39snnMPkYs-6Sog,https://www.youtube.com/watch?v=X7Y0fpGiSvw,2864837,44078,891,1846289,black
UCw95JvOs39snnMPkYs-6Sog,https://www.youtube.com/watch?v=O5zCWArnwFI,2742762,47469,1076,1846289,black
UCw95JvOs39snnMPkYs-6Sog,https://www.youtube.com/watch?v=630guWD2DE0,2553005,100819,1369,1846289,black
UCw95JvOs39snnMPkYs-6Sog,https://www.youtube.com/watch?v=T2vZcNnLZwo,1960797,51501,650,1846289,black
UCw95JvOs39snnMPkYs-6Sog,https://www.youtube.com/watch?v=U-0PguA143w,1890463,51146,1046,1846289,black
UCw95JvOs39snnMPkYs-6Sog,https://www.youtube.com/watch?v=ghjt3qjJWEY,1770488,39874,3035,1846289,black
UCw95JvOs39snnMPkYs-6Sog,https://www.youtube.com/watch?v=S17WhNWsldQ,1670305,35112,518,1846289,black
Cydbeats,https://www.youtube.com/watch?v=Hh_HeFjrH8k,1054760,32131,398,693678,black
Cydbeats,https://www.youtube.com/watch?v=M3yVyLCgIYc,970883,18059,292,693678,black
Cydbeats,https://www.youtube.com/watch?v=5Z4gKawhIKQ,833945,48319,189,693678,black
Cydbeats,https://www.youtube.com/watch?v=zL500jYybAo,768623,27116,207,693678,black
Cydbeats,https://www.youtube.com/watch?v=D7WDU5ZKUvk,770090,22148,602,693678,black
Cydbeats,https://www.youtube.com/watch?v=SIjVDc4-KOA,620646,23057,235,693678,black
Cydbeats,https://www.youtube.com/watch?v=0WTjCzYduWY,449994,13280,308,693678,black
Cydbeats,https://www.youtube.com/watch?v=zdlODhKE7sE,410135,11517,215,693678,black
Cydbeats,https://www.youtube.com/watch?v=zZEFG9DZJ9U,401283,12827,303,693678,black
Cydbeats,https://www.youtube.com/watch?v=a2y_AFZb20Q,372676,6940,237,693678,black
Irishcel507,https://www.youtube.com/watch?v=aO_NkoTLefU,8065054,123425,5388,984010,black
Irishcel507,https://www.youtube.com/watch?v=3BOeTrN9m_I,6514966,46585,6011,984010,black
Irishcel507,https://www.youtube.com/watch?v=OgccZmaCL00,2870991,36094,2151,984010,black
Irishcel507,https://www.youtube.com/watch?v=-R7iqJmfQIc,2262915,56167,3444,984010,black
Irishcel507,https://www.youtube.com/watch?v=eV7MtB5jleQ,1817413,24000,1134,984010,black
Irishcel507,https://www.youtube.com/watch?v=L_uRhemQmw8,1577487,35861,1224,984010,black
Irishcel507,https://www.youtube.com/watch?v=mQ8wGer8B9Q,1531068,17031,804,984010,black
Irishcel507,https://www.youtube.com/watch?v=I9KPW8Edhf0,1372583,38602,3106,984010,black
Irishcel507,https://www.youtube.com/watch?v=IXReFdubvqg,1342725,41164,2169,984010,black
Irishcel507,https://www.youtube.com/watch?v=WbIlj3IbA-0,1280353,21582,1115,984010,black
lilpumpkinpie05,https://www.youtube.com/watch?v=9GysUQfI3ZQ,4929470,98566,5484,2271928,black
lilpumpkinpie05,https://www.youtube.com/watch?v=FLzVzlLF8vs,4198170,211954,5357,2271928,black
lilpumpkinpie05,https://www.youtube.com/watch?v=URTjC9H5l7k,3376424,131529,4095,2271928,black
lilpumpkinpie05,https://www.youtube.com/watch?v=4cXsgT3ZcL8,3206882,150924,4207,2271928,black
lilpumpkinpie05,https://www.youtube.com/watch?v=hE40GuXjUM0,2709136,66044,964,2271928,black
lilpumpkinpie05,https://www.youtube.com/watch?v=2zISrf-7V3U,2570448,112276,1883,2271928,black
lilpumpkinpie05,https://www.youtube.com/watch?v=e6PmD4wveXc,2382102,99146,2143,2271928,black
lilpumpkinpie05,https://www.youtube.com/watch?v=-CPnzBNJdB4,2328666,78146,3334,2271928,black
lilpumpkinpie05,https://www.youtube.com/watch?v=z7V5I3v7zh0,1988917,37066,769,2271928,black
lilpumpkinpie05,https://www.youtube.com/watch?v=g85RGiOgUtI,1837278,67207,2051,2271928,black
luhhsettyxo,https://www.youtube.com/watch?v=8DbKLUM9bBY,8361901,252556,4283,1461403,black
luhhsettyxo,https://www.youtube.com/watch?v=tlbGZYyN8jE,2783054,26368,683,1461403,black
luhhsettyxo,https://www.youtube.com/watch?v=JGA007XqFtU,2560809,31536,2108,1461403,black
luhhsettyxo,https://www.youtube.com/watch?v=LCpgsHyqsrQ,2125979,58085,664,1461403,black
luhhsettyxo,https://www.youtube.com/watch?v=wgh7B5Jf5d4,1931892,62638,583,1461403,black
luhhsettyxo,https://www.youtube.com/watch?v=1cYvbQ9hvVk,1832363,55847,507,1461403,black
luhhsettyxo,https://www.youtube.com/watch?v=rRdXNZeWFb0,1749102,55625,784,1461403,black
luhhsettyxo,https://www.youtube.com/watch?v=FZJNuk97gHQ,1572706,38913,568,1461403,black
luhhsettyxo,https://www.youtube.com/watch?v=oIXWi8kev2w,1506618,36131,520,1461403,black
luhhsettyxo,https://www.youtube.com/watch?v=yX9usFnx6Ow,1494648,22134,824,1461403,black
BeautyByKelliee,https://www.youtube.com/watch?v=23Ezx3_tDUg,3393159,82832,4589,1631787,black
BeautyByKelliee,https://www.youtube.com/watch?v=-hNBdAu6Lng,3386750,72737,2235,1631787,black
BeautyByKelliee,https://www.youtube.com/watch?v=g4Ax6pAjBLk,3246444,64231,4848,1631787,black
BeautyByKelliee,https://www.youtube.com/watch?v=OjcpSmIThIk,2740145,46955,2797,1631787,black
BeautyByKelliee,https://www.youtube.com/watch?v=7ZTueYE1rvI,2403223,62577,1398,1631787,black
BeautyByKelliee,https://www.youtube.com/watch?v=270P3RIVLiw,2307979,82279,1342,1631787,black
BeautyByKelliee,https://www.youtube.com/watch?v=KrhSZ-UFuLk,1946854,50248,1256,1631787,black
BeautyByKelliee,https://www.youtube.com/watch?v=iV8CMnR7TLg,1876254,66289,2300,1631787,black
BeautyByKelliee,https://www.youtube.com/watch?v=5fX61q_gR7Y,1748355,35562,1026,1631787,black
BeautyByKelliee,https://www.youtube.com/watch?v=3bZlqBB2IEY,1662666,66320,853,1631787,black
yellachyk1,https://www.youtube.com/watch?v=zYGxJ_P-eRE,1456840,41267,1120,596806,black
yellachyk1,https://www.youtube.com/watch?v=xUvNIA9mZbY,864104,27444,522,596806,black
yellachyk1,https://www.youtube.com/watch?v=caaU-2X1n7Y,850755,26432,415,596806,black
yellachyk1,https://www.youtube.com/watch?v=TMPA-DtBp7g,794577,18713,466,596806,black
yellachyk1,https://www.youtube.com/watch?v=lse-Gt_3NzA,723148,23599,322,596806,black
yellachyk1,https://www.youtube.com/watch?v=JBurycd_bFs,613427,11759,613,596806,black
yellachyk1,https://www.youtube.com/watch?v=qqsPHBsHWIY,578614,24273,433,596806,black
yellachyk1,https://www.youtube.com/watch?v=Sf9kl0O19Wk,540175,10457,266,596806,black
yellachyk1,https://www.youtube.com/watch?v=v67ZgJhNWBI,527806,21426,239,596806,black
yellachyk1,https://www.youtube.com/watch?v=Vg625yC800U,465068,15436,682,596806,black
RavenElyseTV,https://www.youtube.com/watch?v=AalUi8DqyYA,1546841,20147,803,657370,black
RavenElyseTV,https://www.youtube.com/watch?v=4KjE9p6YwRI,1019679,20581,365,657370,black
RavenElyseTV,https://www.youtube.com/watch?v=z2QucqEEp_I,934848,18029,287,657370,black
RavenElyseTV,https://www.youtube.com/watch?v=tMWPYCqN5NU,834334,0,0,657370,black
RavenElyseTV,https://www.youtube.com/watch?v=xAJWIN0jtNo,809296,18769,604,657370,black
RavenElyseTV,https://www.youtube.com/watch?v=QhA8OF8aBOg,783673,10394,341,657370,black
RavenElyseTV,https://www.youtube.com/watch?v=5adR9CcyJgg,765581,27646,248,657370,black
RavenElyseTV,https://www.youtube.com/watch?v=37sorlS6-FY,693831,11476,338,657370,black
RavenElyseTV,https://www.youtube.com/watch?v=wqn6s7UO-oo,653180,5247,291,657370,black
RavenElyseTV,https://www.youtube.com/watch?v=n4sflUDpUtU,652798,5398,329,657370,black
MsAaliyahJay,https://www.youtube.com/watch?v=jDNgA6HARr8,3056706,62698,3615,1105798,black
MsAaliyahJay,https://www.youtube.com/watch?v=F_G_J2H6wlo,2280129,58920,931,1105798,black
MsAaliyahJay,https://www.youtube.com/watch?v=ulYNuZGwxqg,1876330,68397,1144,1105798,black
MsAaliyahJay,https://www.youtube.com/watch?v=ydDMp1xLdq4,1854291,61855,513,1105798,black
MsAaliyahJay,https://www.youtube.com/watch?v=ZSs_FR93qOQ,1758628,36901,1366,1105798,black
MsAaliyahJay,https://www.youtube.com/watch?v=BiVjkNjn4Fw,1577090,59456,1131,1105798,black
MsAaliyahJay,https://www.youtube.com/watch?v=xckf0Ca8cD8,1056945,28817,1235,1105798,black
MsAaliyahJay,https://www.youtube.com/watch?v=TV77ktoflB0,1035066,30425,1004,1105798,black
MsAaliyahJay,https://www.youtube.com/watch?v=BzefjybSdNk,986231,63125,1395,1105798,black
MsAaliyahJay,https://www.youtube.com/watch?v=7svTsmLJl90,880479,23312,1225,1105798,black
beautybyjj,https://www.youtube.com/watch?v=Z3KTDxGGPhs,2026846,5575,472,640643,black
beautybyjj,https://www.youtube.com/watch?v=acRSHqIMQNk,1120578,0,0,640643,black
beautybyjj,https://www.youtube.com/watch?v=kZhEK2RmMmo,1101036,0,0,640643,black
beautybyjj,https://www.youtube.com/watch?v=C4jfvMDJi_8,955675,1213,163,640643,black
beautybyjj,https://www.youtube.com/watch?v=yAYSQl4Ni_A,916519,25186,235,640643,black
beautybyjj,https://www.youtube.com/watch?v=FoYfZ4kvoX0,897299,16531,388,640643,black
beautybyjj,https://www.youtube.com/watch?v=4UJGCTIx6D8,861719,13363,246,640643,black
beautybyjj,https://www.youtube.com/watch?v=9h7VDy5Ljhs,819831,11266,197,640643,black
beautybyjj,https://www.youtube.com/watch?v=Qw-VZYmOF7E,788825,4815,188,640643,black
beautybyjj,https://www.youtube.com/watch?v=Wdf57ADLoTc,562350,2894,164,640643,black
peakmill,https://www.youtube.com/watch?v=KonWIYB4vcE,3723610,70306,1260,1126439,black
peakmill,https://www.youtube.com/watch?v=hL-lAa92i5o,3461138,75861,1146,1126439,black
peakmill,https://www.youtube.com/watch?v=JAdqsL5Nfgk,2116532,49425,680,1126439,black
peakmill,https://www.youtube.com/watch?v=rNB0M7PfBI4,1975193,54453,877,1126439,black
peakmill,https://www.youtube.com/watch?v=EDcXUKsuifw,1714724,47981,486,1126439,black
peakmill,https://www.youtube.com/watch?v=hYWgaRmyLys,1661179,44517,363,1126439,black
peakmill,https://www.youtube.com/watch?v=-_DxgjAgmaI,1652706,43132,469,1126439,black
peakmill,https://www.youtube.com/watch?v=lYLJ_YthzcI,1638243,31163,761,1126439,black
peakmill,https://www.youtube.com/watch?v=izr7FY7woso,1571826,23893,579,1126439,black
peakmill,https://www.youtube.com/watch?v=Ix13j5o2-3I,1520851,52405,719,1126439,black
jeffreestar,https://www.youtube.com/watch?v=yLBHooqolaw,12891149,108745,25240,6674419,white
jeffreestar,https://www.youtube.com/watch?v=FB2UE_SWIXY,11380262,255703,16132,6674419,white
jeffreestar,https://www.youtube.com/watch?v=pSoaHF0s1Rs,11060656,0,0,6674419,white
jeffreestar,https://www.youtube.com/watch?v=Jp8N14rinb4,10504531,252660,18221,6674419,white
jeffreestar,https://www.youtube.com/watch?v=uemxx7D0gbA,10150325,248986,10839,6674419,white
jeffreestar,https://www.youtube.com/watch?v=priJfsZIIRY,9759154,169278,8647,6674419,white
jeffreestar,https://www.youtube.com/watch?v=Vumz43-3pXo,9516377,166690,11382,6674419,white
jeffreestar,https://www.youtube.com/watch?v=2bhiiFwUdU8,9409681,391738,8081,6674419,white
jeffreestar,https://www.youtube.com/watch?v=4LwpGaDKmZ8,8983481,241390,22399,6674419,white
jeffreestar,https://www.youtube.com/watch?v=jcw3drrDf18,8420909,188824,7989,6674419,white
Jaclynhill1,https://www.youtube.com/watch?v=Y4fur_12EEc,15508147,182725,4855,5045411,white
Jaclynhill1,https://www.youtube.com/watch?v=GEhOZooB3bw,9413040,279965,58247,5045411,white
Jaclynhill1,https://www.youtube.com/watch?v=XvH2ukztRzs,6475187,176225,3116,5045411,white
Jaclynhill1,https://www.youtube.com/watch?v=tBLhnw6y39I,6256216,105124,2103,5045411,white
Jaclynhill1,https://www.youtube.com/watch?v=1W-93hFSl3U,4553702,33637,1416,5045411,white
Jaclynhill1,https://www.youtube.com/watch?v=f0954Tx4HeQ,4430082,162498,2009,5045411,white
Jaclynhill1,https://www.youtube.com/watch?v=0eGDfNPS3sg,4329381,199098,1831,5045411,white
Jaclynhill1,https://www.youtube.com/watch?v=4LZXQQNUATw,4283083,156489,3371,5045411,white
Jaclynhill1,https://www.youtube.com/watch?v=QKz_2ScmjUs,3566953,55320,870,5045411,white
Jaclynhill1,https://www.youtube.com/watch?v=Khwwml8xY_M,3438578,102897,1109,5045411,white
nikkietutorials,https://www.youtube.com/watch?v=a4Ov8qvZ2_w,38574377,792407,8493,9604841,white
nikkietutorials,https://www.youtube.com/watch?v=6aeE5LXujC4,27392964,692972,14987,9604841,white
nikkietutorials,https://www.youtube.com/watch?v=IxxI1X9CSEk,19398807,352124,9940,9604841,white
nikkietutorials,https://www.youtube.com/watch?v=EcqKjNJdkS0,15766202,347295,6950,9604841,white
nikkietutorials,https://www.youtube.com/watch?v=8lPg4Ur4LmM,12230178,340008,4032,9604841,white
nikkietutorials,https://www.youtube.com/watch?v=SOoauHBpcbU,11556302,502059,5452,9604841,white
nikkietutorials,https://www.youtube.com/watch?v=9Uv1RnuyCfY,11138767,224820,7717,9604841,white
nikkietutorials,https://www.youtube.com/watch?v=1lacilKXHRs,10536513,350355,2475,9604841,white
nikkietutorials,https://www.youtube.com/watch?v=sjT7asVL7JI,10283853,277782,11642,9604841,white
nikkietutorials,https://www.youtube.com/watch?v=s8mmyuBg3iY,9922094,198815,2835,9604841,white
oliviajadebeauty,https://www.youtube.com/watch?v=0StUitpIZp0,2212234,28323,756,1405621,white
oliviajadebeauty,https://www.youtube.com/watch?v=ItktQW0gpJk,2126911,61816,1996,1405621,white
oliviajadebeauty,https://www.youtube.com/watch?v=RGCOKVTXaNE,2084140,72322,613,1405621,white
oliviajadebeauty,https://www.youtube.com/watch?v=kjqJqm82TPQ,1709087,45433,474,1405621,white
oliviajadebeauty,https://www.youtube.com/watch?v=dtC6o8i1yhg,1621531,67462,366,1405621,white
oliviajadebeauty,https://www.youtube.com/watch?v=2RiA8rWQ5GE,1522598,41341,382,1405621,white
oliviajadebeauty,https://www.youtube.com/watch?v=j2w74_faAsk,1515943,52079,1806,1405621,white
oliviajadebeauty,https://www.youtube.com/watch?v=qrP-acWEVoc,1274619,53095,371,1405621,white
oliviajadebeauty,https://www.youtube.com/watch?v=zzt7wV2nxBU,1138750,22550,353,1405621,white
oliviajadebeauty,https://www.youtube.com/watch?v=sJJ8bqzfckM,1124175,22756,422,1405621,white
pixiwoo,https://www.youtube.com/watch?v=Sc9_RS3Fjyw,12860904,52927,7967,2161543,white
pixiwoo,https://www.youtube.com/watch?v=E7cE39_R9mo,5178572,27918,1619,2161543,white
pixiwoo,https://www.youtube.com/watch?v=atqhXUOoyHY,5157039,29094,1374,2161543,white
pixiwoo,https://www.youtube.com/watch?v=pxox_MFpy7c,2937853,32815,559,2161543,white
pixiwoo,https://www.youtube.com/watch?v=iCiGjZEV7VI,2539778,14123,288,2161543,white
pixiwoo,https://www.youtube.com/watch?v=WpP-G1KTlxw,2501801,6979,134,2161543,white
pixiwoo,https://www.youtube.com/watch?v=fq61rFEj3qQ,2386300,16988,707,2161543,white
pixiwoo,https://www.youtube.com/watch?v=k63Hhf4zJpM,2259538,13892,310,2161543,white
pixiwoo,https://www.youtube.com/watch?v=xktMzhBnyd0,1970379,10055,371,2161543,white
pixiwoo,https://www.youtube.com/watch?v=2FQReUmJRwg,1872445,33105,1022,2161543,white
kandeejohnson,https://www.youtube.com/watch?v=S4cBipeLMiw,38481626,100437,12069,3961938,white
kandeejohnson,https://www.youtube.com/watch?v=H_IfRNp0ncU,32539712,257432,19159,3961938,white
kandeejohnson,https://www.youtube.com/watch?v=9vkCR2ZWAe4,6065849,44275,2627,3961938,white
kandeejohnson,https://www.youtube.com/watch?v=GDcQJ32zmvg,5797815,88190,3188,3961938,white
kandeejohnson,https://www.youtube.com/watch?v=5uSG7KT9zlE,5350310,98842,2017,3961938,white
kandeejohnson,https://www.youtube.com/watch?v=QtnWmqRaEKw,5347719,8368,3157,3961938,white
kandeejohnson,https://www.youtube.com/watch?v=u_M5MaxLL5U,5219148,110440,1296,3961938,white
kandeejohnson,https://www.youtube.com/watch?v=nTl3ePEmhi4,4541430,31618,1677,3961938,white
kandeejohnson,https://www.youtube.com/watch?v=hln-UEvhJN0,4373024,24347,1070,3961938,white
kandeejohnson,https://www.youtube.com/watch?v=9Xs3cNBqF88,3507882,54327,1779,3961938,white
zoella280390,https://www.youtube.com/watch?v=b0vPzYhxy9c,22685043,537532,13589,12097835,white
zoella280390,https://www.youtube.com/watch?v=xC6VNJ6jNKc,19729652,727135,5285,12097835,white
zoella280390,https://www.youtube.com/watch?v=qx6fwery65M,16248294,517517,3973,12097835,white
zoella280390,https://www.youtube.com/watch?v=HTidzrJUgT0,15059432,429256,2603,12097835,white
zoella280390,https://www.youtube.com/watch?v=xZvRxVbxOKo,14286504,466651,6035,12097835,white
zoella280390,https://www.youtube.com/watch?v=aLPl2G-epfw,12983873,397879,3024,12097835,white
zoella280390,https://www.youtube.com/watch?v=my3Bfd6qYrs,12641466,293781,4322,12097835,white
zoella280390,https://www.youtube.com/watch?v=y8dI6PSpOXE,11722756,249209,5826,12097835,white
zoella280390,https://www.youtube.com/watch?v=aalyr7v0t14,11681531,446765,4023,12097835,white
zoella280390,https://www.youtube.com/watch?v=s7khbpqDfLg,10826283,296868,2245,12097835,white
makeupgeektv,https://www.youtube.com/watch?v=Txg-v1TZ1IQ,5708185,6945,444,1393919,white
makeupgeektv,https://www.youtube.com/watch?v=8_bJQdOd1hc,4699057,12818,611,1393919,white
makeupgeektv,https://www.youtube.com/watch?v=dZmNdJ9_P34,2874876,9669,535,1393919,white
makeupgeektv,https://www.youtube.com/watch?v=InA8Xbg-hvo,2762631,14894,652,1393919,white
makeupgeektv,https://www.youtube.com/watch?v=bMD-rjmhbuM,2750715,3658,432,1393919,white
makeupgeektv,https://www.youtube.com/watch?v=GcUfkH8z_WY,2651476,37093,681,1393919,white
makeupgeektv,https://www.youtube.com/watch?v=B9bmvMzIkAo,2466487,17303,1144,1393919,white
makeupgeektv,https://www.youtube.com/watch?v=IVO2PdrWKaQ,2333245,4950,468,1393919,white
makeupgeektv,https://www.youtube.com/watch?v=VdZHBPBtTak,2090245,4758,238,1393919,white
makeupgeektv,https://www.youtube.com/watch?v=pVkEo595Wqs,2019996,3002,238,1393919,white
shaaanxo,https://www.youtube.com/watch?v=CbsjGB5q8ww,7861811,65454,5148,3136465,white
shaaanxo,https://www.youtube.com/watch?v=wIXU59_-U1s,4987084,93634,2386,3136465,white
shaaanxo,https://www.youtube.com/watch?v=VodsQ7laz4c,4870999,102547,2598,3136465,white
shaaanxo,https://www.youtube.com/watch?v=hs2BM5XfaK8,4581060,43071,2300,3136465,white
shaaanxo,https://www.youtube.com/watch?v=bbCpTlFS6FY,4488134,36711,2313,3136465,white
shaaanxo,https://www.youtube.com/watch?v=cJCkLFvbhJA,2883867,62792,1275,3136465,white
shaaanxo,https://www.youtube.com/watch?v=WdHcfZIxASs,2764243,48942,921,3136465,white
shaaanxo,https://www.youtube.com/watch?v=L7GYOzB6cK8,2651556,57547,1979,3136465,white
shaaanxo,https://www.youtube.com/watch?v=zEtJ9hx8DCw,2542189,54092,954,3136465,white
shaaanxo,https://www.youtube.com/watch?v=XUiKp7zDeBI,2529005,39855,999,3136465,white
ChloeMorello,https://www.youtube.com/watch?v=1Rm6-xaNVJs,13747238,33233,6530,2477753,white
ChloeMorello,https://www.youtube.com/watch?v=MRpe43vHeRQ,5414300,42740,1446,2477753,white
ChloeMorello,https://www.youtube.com/watch?v=g3rmTxOiuBc,5184276,125520,3868,2477753,white
ChloeMorello,https://www.youtube.com/watch?v=YScWIPI1cfw,4869780,47398,945,2477753,white
ChloeMorello,https://www.youtube.com/watch?v=Dbz_wmJewF8,4846143,25733,2385,2477753,white
ChloeMorello,https://www.youtube.com/watch?v=7yyC5rFOHDU,4129654,40213,7805,2477753,white
ChloeMorello,https://www.youtube.com/watch?v=23HCIWwh6OQ,3939519,73319,1844,2477753,white
ChloeMorello,https://www.youtube.com/watch?v=KqtbYNE8Occ,3532342,52216,726,2477753,white
ChloeMorello,https://www.youtube.com/watch?v=H0QUdrHb-dU,3372925,54356,1729,2477753,white
ChloeMorello,https://www.youtube.com/watch?v=PdKFUFqiZQU,2786421,34800,501,2477753,white
Laurenbeautyy,https://www.youtube.com/watch?v=SWStkkX3iKc,10447924,147688,2137,3633146,white
Laurenbeautyy,https://www.youtube.com/watch?v=NY76dwTLF14,8233367,73401,1834,3633146,white
Laurenbeautyy,https://www.youtube.com/watch?v=aXlGiKzzZDA,6788196,73878,1962,3633146,white
Laurenbeautyy,https://www.youtube.com/watch?v=onAuZfm3lfM,5933419,82580,2035,3633146,white
Laurenbeautyy,https://www.youtube.com/watch?v=SFERtkJ8fgo,5891971,0,0,3633146,white
Laurenbeautyy,https://www.youtube.com/watch?v=gkELwnplEmE,5163564,72945,3044,3633146,white
Laurenbeautyy,https://www.youtube.com/watch?v=aYfyvQBSblg,5139809,62795,1214,3633146,white
Laurenbeautyy,https://www.youtube.com/watch?v=RgXBD7KOxV0,4556113,60735,1233,3633146,white
Laurenbeautyy,https://www.youtube.com/watch?v=iWqFA_lOpWw,3674565,38159,2039,3633146,white
Laurenbeautyy,https://www.youtube.com/watch?v=IT3nKSSTvow,3638747,34186,3781,3633146,white
Missglamorazzi,https://www.youtube.com/watch?v=Eh7WRYXVh9M,17200587,804688,56009,3882997,white
Missglamorazzi,https://www.youtube.com/watch?v=m_nfG6nuYsM,3672345,133957,1964,3882997,white
Missglamorazzi,https://www.youtube.com/watch?v=NLWCRBifduM,3387540,70738,1310,3882997,white
Missglamorazzi,https://www.youtube.com/watch?v=DAef7Ofloxw,3276115,46154,1077,3882997,white
Missglamorazzi,https://www.youtube.com/watch?v=J_PoqAjwNGc,3242663,0,0,3882997,white
Missglamorazzi,https://www.youtube.com/watch?v=-89KDP501oc,3051986,52236,926,3882997,white
Missglamorazzi,https://www.youtube.com/watch?v=Nd9EsiH_hx0,2959675,26674,1393,3882997,white
Missglamorazzi,https://www.youtube.com/watch?v=HAEp2Mzowp0,2756136,79079,1157,3882997,white
Missglamorazzi,https://www.youtube.com/watch?v=cC1GK2_qeko,2631285,63372,693,3882997,white
Missglamorazzi,https://www.youtube.com/watch?v=jAePpdlwnlA,2628969,69859,882,3882997,white
AllThatGlitters21,https://www.youtube.com/watch?v=h5m7kqmenyY,3980576,35668,2729,1273766,white
AllThatGlitters21,https://www.youtube.com/watch?v=Q-VHo6Ot_xI,2118255,5954,1183,1273766,white
AllThatGlitters21,https://www.youtube.com/watch?v=crJD-NYTPGA,1989409,10968,890,1273766,white
AllThatGlitters21,https://www.youtube.com/watch?v=G03kuZKWSGw,1895061,4160,543,1273766,white
AllThatGlitters21,https://www.youtube.com/watch?v=L1wcSeoTCD8,1828187,15000,764,1273766,white
AllThatGlitters21,https://www.youtube.com/watch?v=5hkxsgbwwzQ,1817823,12963,1125,1273766,white
AllThatGlitters21,https://www.youtube.com/watch?v=sOuxEZQYsTo,1791447,26400,986,1273766,white
AllThatGlitters21,https://www.youtube.com/watch?v=9cqStzggozU,1780607,19140,964,1273766,white
AllThatGlitters21,https://www.youtube.com/watch?v=0yKUS7u6wlU,1502573,6429,1231,1273766,white
AllThatGlitters21,https://www.youtube.com/watch?v=_Rhj0FO-en0,1480879,7435,878,1273766,white
Juicystar07,https://www.youtube.com/watch?v=hS79zNAbBRM,4095302,21947,1878,1772042,white
Juicystar07,https://www.youtube.com/watch?v=WirongWHcW4,4021731,10379,2085,1772042,white
Juicystar07,https://www.youtube.com/watch?v=5MrZ8OtSis4,3347058,13864,1856,1772042,white
Juicystar07,https://www.youtube.com/watch?v=cI52jWCnkvw,3176498,13437,2189,1772042,white
Juicystar07,https://www.youtube.com/watch?v=U0gfJ66preU,2825417,10296,812,1772042,white
Juicystar07,https://www.youtube.com/watch?v=2idB9Owl3mc,2557730,11955,1402,1772042,white
Juicystar07,https://www.youtube.com/watch?v=7umwr0cr_OA,2387618,3877,666,1772042,white
Juicystar07,https://www.youtube.com/watch?v=PU8DJ89fZOs,2274096,7700,2001,1772042,white
Juicystar07,https://www.youtube.com/watch?v=GLHcVeyd530,2267409,11267,1041,1772042,white
Juicystar07,https://www.youtube.com/watch?v=41BdPWuZge4,2171071,9546,984,1772042,white
beautybybrittneyx,https://www.youtube.com/watch?v=Xgk34euy4zo,7738934,144092,9685,1052994,white
beautybybrittneyx,https://www.youtube.com/watch?v=VcFfsppYGJs,3531490,59399,3125,1052994,white
beautybybrittneyx,https://www.youtube.com/watch?v=i_KgMa8Eh5E,2925830,59506,1745,1052994,white
beautybybrittneyx,https://www.youtube.com/watch?v=r8TswmrlV40,2533884,36177,4043,1052994,white
beautybybrittneyx,https://www.youtube.com/watch?v=RbxSOjOAiR4,2058665,10991,1617,1052994,white
beautybybrittneyx,https://www.youtube.com/watch?v=9SeI_Tg-3Wc,1875065,39446,2301,1052994,white
beautybybrittneyx,https://www.youtube.com/watch?v=C0q_88iJ0kk,1860882,37155,1529,1052994,white
beautybybrittneyx,https://www.youtube.com/watch?v=gVo2d67nmYo,1780509,38459,1288,1052994,white
beautybybrittneyx,https://www.youtube.com/watch?v=9KTDlkF4NR8,1705452,32770,981,1052994,white
beautybybrittneyx,https://www.youtube.com/watch?v=DmYx5jSMHjA,1579900,58358,10868,1052994,white
GlamLifeGuru,https://www.youtube.com/watch?v=iqmpN9SnFRM,4277145,60321,1448,3977136,white
GlamLifeGuru,https://www.youtube.com/watch?v=ccYbg7bOo0o,4050652,66196,2429,3977136,white
GlamLifeGuru,https://www.youtube.com/watch?v=GT150i2Xg3s,3846741,62095,3839,3977136,white
GlamLifeGuru,https://www.youtube.com/watch?v=wF-JYesC82I,3740640,131567,2377,3977136,white
GlamLifeGuru,https://www.youtube.com/watch?v=FqEuswNPAyU,3594881,65265,2436,3977136,white
GlamLifeGuru,https://www.youtube.com/watch?v=eay_NdtmJVM,3528453,256190,1514,3977136,white
GlamLifeGuru,https://www.youtube.com/watch?v=_hn2jbfB3T8,3514557,60279,5348,3977136,white
GlamLifeGuru,https://www.youtube.com/watch?v=qZiL9X1WG94,3268632,62988,2033,3977136,white
GlamLifeGuru,https://www.youtube.com/watch?v=98f5Th-GErE,3051516,47575,8471,3977136,white
GlamLifeGuru,https://www.youtube.com/watch?v=v9VcwByDq28,3020135,95182,2103,3977136,white
CutiePieMarzia,https://www.youtube.com/watch?v=t1PJ60mrHQc,24130993,593328,9612,7265023,white
CutiePieMarzia,https://www.youtube.com/watch?v=k5tTRaq3E8I,17394389,659080,5594,7265023,white
CutiePieMarzia,https://www.youtube.com/watch?v=5JrtAXei1oA,13317945,308235,2809,7265023,white
CutiePieMarzia,https://www.youtube.com/watch?v=Ri2E2TRdOGQ,13052501,357995,1473,7265023,white
CutiePieMarzia,https://www.youtube.com/watch?v=YS-2nW9B_KM,11356319,244140,1928,7265023,white
CutiePieMarzia,https://www.youtube.com/watch?v=x3j7mkFqB1A,10184440,217052,2939,7265023,white
CutiePieMarzia,https://www.youtube.com/watch?v=48S2ZDTiAXA,9828079,312582,2419,7265023,white
CutiePieMarzia,https://www.youtube.com/watch?v=4QFP_W7R7P4,9569024,234278,1399,7265023,white
CutiePieMarzia,https://www.youtube.com/watch?v=fkf3LbFzM6A,7767973,185290,1921,7265023,white
CutiePieMarzia,https://www.youtube.com/watch?v=sCK-Z_LYetk,7665235,252991,1976,7265023,white
grav3yardgirl,https://www.youtube.com/watch?v=t19JKxDXoFQ,17321201,143948,25193,8182540,white
grav3yardgirl,https://www.youtube.com/watch?v=l8_ig-iPCn0,14838779,55423,2822,8182540,white
grav3yardgirl,https://www.youtube.com/watch?v=KFMQcQtzmsk,13496315,161404,7129,8182540,white
grav3yardgirl,https://www.youtube.com/watch?v=2xKOGToXtRw,12026766,150175,7084,8182540,white
grav3yardgirl,https://www.youtube.com/watch?v=cpJf_PIzs9I,11033138,114587,9786,8182540,white
grav3yardgirl,https://www.youtube.com/watch?v=nul0L4itTa0,10016955,118062,10805,8182540,white
grav3yardgirl,https://www.youtube.com/watch?v=NEEfODO1FWM,9747041,132687,6006,8182540,white
grav3yardgirl,https://www.youtube.com/watch?v=mf5BYojguoI,9384061,154154,13297,8182540,white
grav3yardgirl,https://www.youtube.com/watch?v=ruIRWi21XFo,9212965,94858,3966,8182540,white
grav3yardgirl,https://www.youtube.com/watch?v=ZT43KlD2Eb8,9198765,162999,9967,8182540,white
UCucot-Zp428OwkyRm2I7v2Q,https://www.youtube.com/watch?v=9u1kgc0dT4M,8428655,220379,4958,3926651,white
UCucot-Zp428OwkyRm2I7v2Q,https://www.youtube.com/watch?v=boMxogTNQD4,6654492,442358,4176,3926651,white
UCucot-Zp428OwkyRm2I7v2Q,https://www.youtube.com/watch?v=PtXwS40iaNs,6067164,227120,4733,3926651,white
UCucot-Zp428OwkyRm2I7v2Q,https://www.youtube.com/watch?v=GaFNKZO51tw,6006871,313514,5446,3926651,white
UCucot-Zp428OwkyRm2I7v2Q,https://www.youtube.com/watch?v=EQzIbLeGnr0,5947791,211032,21633,3926651,white
UCucot-Zp428OwkyRm2I7v2Q,https://www.youtube.com/watch?v=OqlQM7PKWQs,5790150,227498,19316,3926651,white
UCucot-Zp428OwkyRm2I7v2Q,https://www.youtube.com/watch?v=BIlIzzk3dqs,6286737,404609,7286,3926651,white
UCucot-Zp428OwkyRm2I7v2Q,https://www.youtube.com/watch?v=rNI9nfsXPys,5507763,159503,15722,3926651,white
UCucot-Zp428OwkyRm2I7v2Q,https://www.youtube.com/watch?v=3xu9qm5ea88,5485455,317917,4613,3926651,white
UCucot-Zp428OwkyRm2I7v2Q,https://www.youtube.com/watch?v=ROzC9ZySGos,5089867,161522,15992,3926651,white
HauteBrilliance,https://www.youtube.com/watch?v=UZFqFR72-sY,5578917,191148,3320,3268389,white
HauteBrilliance,https://www.youtube.com/watch?v=S4QNHFK2hcs,4390485,262353,1160,3268389,white
HauteBrilliance,https://www.youtube.com/watch?v=sPbdCkAN1VA,4336818,239578,1769,3268389,white
HauteBrilliance,https://www.youtube.com/watch?v=v-yRpzSxk58,3288801,57244,1287,3268389,white
HauteBrilliance,https://www.youtube.com/watch?v=U5p2kUuDJOQ,3170472,98353,1667,3268389,white
HauteBrilliance,https://www.youtube.com/watch?v=1hizIVS3Pnw,3085920,124173,1169,3268389,white
HauteBrilliance,https://www.youtube.com/watch?v=c65qQgW8xuw,3066178,78690,2339,3268389,white
HauteBrilliance,https://www.youtube.com/watch?v=oy87PTdkHLo,2973073,178809,3280,3268389,white
HauteBrilliance,https://www.youtube.com/watch?v=ohBdXQBLqWk,2951117,82942,2607,3268389,white
HauteBrilliance,https://www.youtube.com/watch?v=LN9ZKUWY784,2427829,80967,1994,3268389,white
lisaeldridgedotcom,https://www.youtube.com/watch?v=i8e5D83P6UI,4290896,152143,1176,1774397,white
lisaeldridgedotcom,https://www.youtube.com/watch?v=Jwngbzv0gbY,3553341,46185,535,1774397,white
lisaeldridgedotcom,https://www.youtube.com/watch?v=RAneUTr8mog,3328694,71863,1422,1774397,white
lisaeldridgedotcom,https://www.youtube.com/watch?v=oGpLLWnO3XY,3095663,39674,593,1774397,white
lisaeldridgedotcom,https://www.youtube.com/watch?v=f-SZA1tkViU,2757159,28614,699,1774397,white
lisaeldridgedotcom,https://www.youtube.com/watch?v=fLnKtPVpofM,2693230,37825,511,1774397,white
lisaeldridgedotcom,https://www.youtube.com/watch?v=ayFFmXmMfN8,2452308,39342,365,1774397,white
lisaeldridgedotcom,https://www.youtube.com/watch?v=D2D7RtPEVwI,2393318,60047,444,1774397,white
lisaeldridgedotcom,https://www.youtube.com/watch?v=fl-Ye52XDRA,1716185,33486,403,1774397,white
lisaeldridgedotcom,https://www.youtube.com/watch?v=YMRZy55InWs,1713767,27933,381,1774397,white
